id,character,season,rank,word,count,uniqueness_score
1,Sheldon,1.0,1,knock,64,59.36231884057971
2,Sheldon,1.0,2,leonard,73,32.102409638554214
3,Sheldon,1.0,3,think,47,22.09
4,Sheldon,1.0,4,time,46,19.962264150943398
5,Sheldon,1.0,5,penny,50,17.73049645390071
6,Sheldon,1.0,6,yes,40,16.666666666666668
7,Sheldon,1.0,7,one,45,16.071428571428573
8,Sheldon,1.0,8,course,22,13.82857142857143
9,Sheldon,1.0,9,need,32,13.473684210526315
10,Sheldon,1.0,10,please,22,13.081081081081082
11,Penny,1.0,1,guys,35,22.272727272727273
12,Penny,1.0,2,leonard,58,20.265060240963855
13,Penny,1.0,3,really,43,17.12037037037037
14,Penny,1.0,4,know,56,15.838383838383837
15,Penny,1.0,5,sheldon,46,11.376344086021506
16,Penny,1.0,6,alright,21,8.480769230769232
17,Penny,1.0,7,sweetie,8,8.0
18,Penny,1.0,8,raj,20,7.547169811320755
19,Penny,1.0,9,good,27,7.147058823529412
20,Penny,1.0,10,want,26,6.828282828282829
21,Howard,1.0,1,sensor,5,5.0
22,Howard,1.0,2,french,4,4.0
23,Howard,1.0,3,sheldon,26,3.634408602150537
24,Howard,1.0,4,gentlemen,5,3.5714285714285716
25,Howard,1.0,5,speaks,3,3.0
26,Howard,1.0,6,nerd,3,3.0
27,Howard,1.0,7,harmed,3,3.0
28,Howard,1.0,8,shuttle,3,3.0
29,Howard,1.0,9,destiny,3,3.0
30,Howard,1.0,10,keep,8,2.909090909090909
31,Leonard,1.0,1,sheldon,90,43.54838709677419
32,Leonard,1.0,2,penny,76,40.9645390070922
33,Leonard,1.0,3,go,63,25.606451612903225
34,Leonard,1.0,4,know,67,22.671717171717173
35,Leonard,1.0,5,right,37,15.21111111111111
36,Leonard,1.0,6,yes,37,14.260416666666668
37,Leonard,1.0,7,howard,28,12.64516129032258
38,Leonard,1.0,8,sure,26,12.071428571428571
39,Leonard,1.0,9,come,32,11.906976744186046
40,Leonard,1.0,10,us,24,11.52
41,Raj,1.0,1,hee,22,22.0
42,Raj,1.0,2,papa,9,8.1
43,Raj,1.0,3,lalita,9,6.75
44,Raj,1.0,4,dude,7,6.125
45,Raj,1.0,5,balcony,5,4.166666666666667
46,Raj,1.0,6,gupta,3,3.0
47,Raj,1.0,7,jacuzzi,3,3.0
48,Raj,1.0,8,fat,4,2.6666666666666665
49,Raj,1.0,9,dibs,4,2.2857142857142856
50,Raj,1.0,10,shiva,3,2.25
51,Sheldon,2.0,1,knock,63,47.81927710843374
52,Sheldon,2.0,2,leonard,97,46.34975369458128
53,Sheldon,2.0,3,penny,90,41.968911917098445
54,Sheldon,2.0,4,one,68,27.688622754491018
55,Sheldon,2.0,5,see,54,22.430769230769233
56,Sheldon,2.0,6,time,38,18.753246753246753
57,Sheldon,2.0,7,good,44,18.264150943396228
58,Sheldon,2.0,8,right,55,18.11377245508982
59,Sheldon,2.0,9,yes,49,17.917910447761194
60,Sheldon,2.0,10,course,26,16.900000000000002
61,Penny,2.0,1,sheldon,91,34.50416666666666
62,Penny,2.0,2,know,95,31.778169014084508
63,Penny,2.0,3,leonard,60,17.733990147783253
64,Penny,2.0,4,come,37,12.445454545454545
65,Penny,2.0,5,honey,13,12.071428571428571
66,Penny,2.0,6,guys,26,11.081967213114753
67,Penny,2.0,7,right,43,11.071856287425149
68,Penny,2.0,8,really,35,10.74561403508772
69,Penny,2.0,9,look,33,10.177570093457943
70,Penny,2.0,10,sweetie,9,9.0
71,Howard,2.0,1,grossman,7,7.0
72,Howard,2.0,2,go,38,6.876190476190476
73,Howard,2.0,3,raj,19,6.333333333333333
74,Howard,2.0,4,wolowitz,15,6.081081081081082
75,Howard,2.0,5,marcy,6,6.0
76,Howard,2.0,6,one,31,5.754491017964072
77,Howard,2.0,7,women,13,5.28125
78,Howard,2.0,8,let,24,5.0086956521739125
79,Howard,2.0,9,disposal,5,5.0
80,Howard,2.0,10,station,7,4.8999999999999995
81,Leonard,2.0,1,sheldon,95,37.604166666666664
82,Leonard,2.0,2,go,75,26.785714285714285
83,Leonard,2.0,3,want,49,21.06140350877193
84,Leonard,2.0,4,penny,63,20.564766839378237
85,Leonard,2.0,5,know,75,19.806338028169012
86,Leonard,2.0,6,really,44,16.982456140350877
87,Leonard,2.0,7,think,40,14.953271028037383
88,Leonard,2.0,8,howard,32,13.473684210526315
89,Leonard,2.0,9,right,46,12.67065868263473
90,Leonard,2.0,10,yes,41,12.544776119402984
91,Raj,2.0,1,dude,12,12.0
92,Raj,2.0,2,india,5,5.0
93,Raj,2.0,3,limo,5,5.0
94,Raj,2.0,4,magazine,7,4.8999999999999995
95,Raj,2.0,5,frame,3,3.0
96,Raj,2.0,6,beams,3,3.0
97,Raj,2.0,7,prostitute,4,2.6666666666666665
98,Raj,2.0,8,star,8,2.6666666666666665
99,Raj,2.0,9,party,5,2.2727272727272725
100,Raj,2.0,10,bigger,3,2.25
101,Sheldon,3.0,1,knock,167,164.05294117647057
102,Sheldon,3.0,2,leonard,108,54.50467289719626
103,Sheldon,3.0,3,penny,91,46.522471910112365
104,Sheldon,3.0,4,one,72,33.23076923076923
105,Sheldon,3.0,5,right,81,29.95890410958904
106,Sheldon,3.0,6,yes,56,29.308411214953267
107,Sheldon,3.0,7,course,28,19.599999999999998
108,Sheldon,3.0,8,good,48,18.432000000000002
109,Sheldon,3.0,9,time,33,13.961538461538462
110,Sheldon,3.0,10,hello,21,13.78125
111,Penny,3.0,1,know,77,22.458333333333336
112,Penny,3.0,2,sheldon,73,22.204166666666666
113,Penny,3.0,3,leonard,55,14.135514018691588
114,Penny,3.0,4,go,44,10.352941176470589
115,Penny,3.0,5,sweetie,11,9.307692307692308
116,Penny,3.0,6,kitty,9,7.363636363636364
117,Penny,3.0,7,sorry,26,7.268817204301074
118,Penny,3.0,8,back,24,6.697674418604651
119,Penny,3.0,9,god,17,5.8979591836734695
120,Penny,3.0,10,really,25,5.681818181818182
121,Howard,3.0,1,bernadette,25,18.38235294117647
122,Howard,3.0,2,right,39,6.945205479452055
123,Howard,3.0,3,girlfriend,15,6.818181818181818
124,Howard,3.0,4,ow,9,6.75
125,Howard,3.0,5,goth,8,6.4
126,Howard,3.0,6,know,37,5.1856060606060606
127,Howard,3.0,7,hot,12,4.800000000000001
128,Howard,3.0,8,giant,9,4.263157894736842
129,Howard,3.0,9,want,26,4.072289156626506
130,Howard,3.0,10,mean,15,3.6885245901639343
131,Bernadette,3.0,1,microbiology,3,2.25
132,Bernadette,3.0,2,experiment,5,1.5625
133,Bernadette,3.0,3,bicycle,2,1.3333333333333333
134,Bernadette,3.0,4,howard,9,1.1911764705882353
135,Bernadette,3.0,5,dancing,2,1.0
136,Bernadette,3.0,6,exciting,2,1.0
137,Bernadette,3.0,7,fat,2,0.5714285714285714
138,Bernadette,3.0,8,says,3,0.5625
139,Bernadette,3.0,9,third,2,0.4444444444444444
140,Bernadette,3.0,10,works,2,0.4444444444444444
141,Leonard,3.0,1,sheldon,84,29.4
142,Leonard,3.0,2,want,57,19.572289156626507
143,Leonard,3.0,3,penny,57,18.252808988764045
144,Leonard,3.0,4,come,44,13.928057553956833
145,Leonard,3.0,5,know,59,13.18560606060606
146,Leonard,3.0,6,really,35,11.136363636363637
147,Leonard,3.0,7,go,45,10.828877005347593
148,Leonard,3.0,8,right,48,10.520547945205479
149,Leonard,3.0,9,let,35,9.423076923076923
150,Leonard,3.0,10,fine,24,9.0
151,Raj,3.0,1,dude,21,21.0
152,Raj,3.0,2,india,9,7.363636363636364
153,Raj,3.0,3,indian,7,6.125
154,Raj,3.0,4,sucky,6,6.0
155,Raj,3.0,5,go,32,5.475935828877005
156,Raj,3.0,6,holy,5,4.166666666666667
157,Raj,3.0,7,sheldon,31,4.004166666666667
158,Raj,3.0,8,delhi,4,4.0
159,Raj,3.0,9,know,31,3.6401515151515156
160,Raj,3.0,10,come,22,3.4820143884892083
161,Sheldon,4.0,1,knock,104,101.08411214953271
162,Sheldon,4.0,2,penny,75,42.29323308270677
163,Sheldon,4.0,3,leonard,89,38.45145631067961
164,Sheldon,4.0,4,yes,67,37.09917355371901
165,Sheldon,4.0,5,amy,54,28.310679611650485
166,Sheldon,4.0,6,right,70,23.902439024390247
167,Sheldon,4.0,7,one,61,23.550632911392405
168,Sheldon,4.0,8,may,26,15.02222222222222
169,Sheldon,4.0,9,see,44,14.892307692307693
170,Sheldon,4.0,10,thank,31,14.343283582089553
171,Penny,4.0,1,know,79,21.08445945945946
172,Penny,4.0,2,leonard,54,14.155339805825243
173,Penny,4.0,3,sheldon,51,12.876237623762377
174,Penny,4.0,4,look,32,11.50561797752809
175,Penny,4.0,5,amy,33,10.572815533980583
176,Penny,4.0,6,sorry,28,9.223529411764705
177,Penny,4.0,7,right,43,9.019512195121951
178,Penny,4.0,8,guys,21,8.647058823529411
179,Penny,4.0,9,really,29,7.25
180,Penny,4.0,10,kitty,8,7.111111111111111
181,Amy,4.0,1,brain,10,8.333333333333334
182,Amy,4.0,2,hoo,8,7.111111111111111
183,Amy,4.0,3,bestie,6,5.142857142857142
184,Amy,4.0,4,gossip,7,4.454545454545454
185,Amy,4.0,5,slumber,5,3.5714285714285716
186,Amy,4.0,6,bernadette,16,3.506849315068493
187,Amy,4.0,7,study,4,3.2
188,Amy,4.0,8,ricky,4,3.2
189,Amy,4.0,9,dirty,5,3.125
190,Amy,4.0,10,experimentation,3,3.0
191,Howard,4.0,1,raj,25,7.621951219512195
192,Howard,4.0,2,bernie,7,7.0
193,Howard,4.0,3,go,32,6.3602484472049685
194,Howard,4.0,4,mother,17,5.070175438596491
195,Howard,4.0,5,bernadette,19,4.945205479452055
196,Howard,4.0,6,needs,7,4.454545454545454
197,Howard,4.0,7,see,24,4.430769230769231
198,Howard,4.0,8,know,36,4.378378378378379
199,Howard,4.0,9,talk,13,3.595744680851064
200,Howard,4.0,10,mean,15,3.571428571428571
201,Bernadette,4.0,1,howard,23,4.521367521367521
202,Bernadette,4.0,2,glenn,6,3.5999999999999996
203,Bernadette,4.0,3,bacteria,2,2.0
204,Bernadette,4.0,4,engaged,4,2.0
205,Bernadette,4.0,5,catholic,2,2.0
206,Bernadette,4.0,6,astronaut,4,2.0
207,Bernadette,4.0,7,putz,2,2.0
208,Bernadette,4.0,8,terrible,3,1.5
209,Bernadette,4.0,9,stay,5,1.3888888888888888
210,Bernadette,4.0,10,keynote,2,1.3333333333333333
211,Leonard,4.0,1,sheldon,64,20.277227722772277
212,Leonard,4.0,2,know,63,13.408783783783782
213,Leonard,4.0,3,want,42,12.782608695652176
214,Leonard,4.0,4,really,34,9.96551724137931
215,Leonard,4.0,5,good,35,8.626760563380282
216,Leonard,4.0,6,tell,25,8.445945945945946
217,Leonard,4.0,7,raj,26,8.24390243902439
218,Leonard,4.0,8,sure,22,7.806451612903226
219,Leonard,4.0,9,howard,29,7.188034188034188
220,Leonard,4.0,10,still,18,7.043478260869565
221,Raj,4.0,1,dude,13,12.071428571428571
222,Raj,4.0,2,sister,19,9.025
223,Raj,4.0,3,aquaman,6,4.5
224,Raj,4.0,4,country,7,4.454545454545454
225,Raj,4.0,5,sucks,5,4.166666666666667
226,Raj,4.0,6,talking,11,3.4571428571428573
227,Raj,4.0,7,think,22,3.248322147651007
228,Raj,4.0,8,brown,4,3.2
229,Raj,4.0,9,potty,5,3.125
230,Raj,4.0,10,one,22,3.0632911392405062
231,Sheldon,5.0,1,knock,98,85.75
232,Sheldon,5.0,2,leonard,74,42.12307692307692
233,Sheldon,5.0,3,spock,22,22.0
234,Sheldon,5.0,4,one,58,20.265060240963855
235,Sheldon,5.0,5,penny,48,19.862068965517242
236,Sheldon,5.0,6,right,66,18.695278969957084
237,Sheldon,5.0,7,know,73,17.64569536423841
238,Sheldon,5.0,8,amy,44,17.6
239,Sheldon,5.0,9,yes,39,16.010526315789473
240,Sheldon,5.0,10,make,40,15.384615384615385
241,Penny,5.0,1,know,69,15.764900662251655
242,Penny,5.0,2,look,36,12.0
243,Penny,5.0,3,mean,24,8.112676056338028
244,Penny,5.0,4,god,18,7.902439024390244
245,Penny,5.0,5,go,38,7.32994923857868
246,Penny,5.0,6,right,41,7.214592274678112
247,Penny,5.0,7,sheldon,37,7.205263157894737
248,Penny,5.0,8,amy,27,6.627272727272727
249,Penny,5.0,9,want,31,5.932098765432098
250,Penny,5.0,10,come,27,5.879032258064516
251,Amy,5.0,1,maid,10,7.142857142857143
252,Amy,5.0,2,honour,10,6.666666666666666
253,Amy,5.0,3,boyfriend,10,5.555555555555555
254,Amy,5.0,4,sheldon,32,5.389473684210526
255,Amy,5.0,5,painting,8,4.923076923076923
256,Amy,5.0,6,dress,8,3.764705882352941
257,Amy,5.0,7,night,16,3.4594594594594597
258,Amy,5.0,8,tiara,4,3.2
259,Amy,5.0,9,horse,5,3.125
260,Amy,5.0,10,party,10,3.125
261,Howard,5.0,1,space,17,8.027777777777777
262,Howard,5.0,2,nasa,9,6.75
263,Howard,5.0,3,bernadette,20,6.557377049180327
264,Howard,5.0,4,really,26,5.586776859504132
265,Howard,5.0,5,go,33,5.527918781725888
266,Howard,5.0,6,says,10,5.263157894736842
267,Howard,5.0,7,want,27,4.5
268,Howard,5.0,8,station,7,4.454545454545454
269,Howard,5.0,9,right,32,4.394849785407725
270,Howard,5.0,10,astronaut,7,4.083333333333334
271,Bernadette,5.0,1,howie,16,16.0
272,Bernadette,5.0,2,howard,24,5.702970297029703
273,Bernadette,5.0,3,mother,13,3.313725490196078
274,Bernadette,5.0,4,pew,5,3.125
275,Bernadette,5.0,5,know,30,2.9801324503311255
276,Bernadette,5.0,6,married,9,2.454545454545454
277,Bernadette,5.0,7,god,10,2.4390243902439024
278,Bernadette,5.0,8,cute,5,2.2727272727272725
279,Bernadette,5.0,9,heart,6,2.25
280,Bernadette,5.0,10,pet,3,2.25
281,Leonard,5.0,1,sheldon,67,23.626315789473683
282,Leonard,5.0,2,good,45,12.98076923076923
283,Leonard,5.0,3,think,41,11.513698630136986
284,Leonard,5.0,4,know,58,11.13907284768212
285,Leonard,5.0,5,right,48,9.888412017167383
286,Leonard,5.0,6,want,39,9.388888888888888
287,Leonard,5.0,7,sorry,30,8.411214953271028
288,Leonard,5.0,8,see,33,8.31297709923664
289,Leonard,5.0,9,go,39,7.720812182741117
290,Leonard,5.0,10,jimmy,9,7.363636363636364
291,Raj,5.0,1,dude,10,8.333333333333334
292,Raj,5.0,2,siri,8,7.111111111111111
293,Raj,5.0,3,brown,5,3.5714285714285716
294,Raj,5.0,4,dynamite,4,3.2
295,Raj,5.0,5,gay,4,3.2
296,Raj,5.0,6,chocolate,3,3.0
297,Raj,5.0,7,shows,3,3.0
298,Raj,5.0,8,servants,3,3.0
299,Raj,5.0,9,howard,17,2.8613861386138617
300,Raj,5.0,10,choose,4,2.6666666666666665
301,Sheldon,6.0,1,knock,109,105.14159292035397
302,Sheldon,6.0,2,leonard,69,35.796992481203006
303,Sheldon,6.0,3,know,98,26.168937329700274
304,Sheldon,6.0,4,amy,48,23.272727272727273
305,Sheldon,6.0,5,yes,41,18.0752688172043
306,Sheldon,6.0,6,penny,38,16.988235294117647
307,Sheldon,6.0,7,one,55,16.805555555555557
308,Sheldon,6.0,8,see,39,14.214953271028037
309,Sheldon,6.0,9,wil,18,14.08695652173913
310,Sheldon,6.0,10,play,26,13.52
311,Penny,6.0,1,know,55,8.2425068119891
312,Penny,6.0,2,sweetie,8,7.111111111111111
313,Penny,6.0,3,really,31,6.673611111111112
314,Penny,6.0,4,want,34,6.386740331491713
315,Penny,6.0,5,wow,12,5.76
316,Penny,6.0,6,work,19,5.73015873015873
317,Penny,6.0,7,leonard,27,5.481203007518797
318,Penny,6.0,8,right,32,5.417989417989418
319,Penny,6.0,9,class,7,4.083333333333334
320,Penny,6.0,10,look,21,4.045871559633028
321,Amy,6.0,1,sheldon,65,19.742990654205606
322,Amy,6.0,2,brain,10,6.666666666666666
323,Amy,6.0,3,seriously,5,4.166666666666667
324,Amy,6.0,4,go,25,3.3602150537634405
325,Amy,6.0,5,cause,9,3.1153846153846154
326,Amy,6.0,6,raggedy,3,3.0
327,Amy,6.0,7,tumour,3,3.0
328,Amy,6.0,8,cut,6,2.571428571428571
329,Amy,6.0,9,rajesh,4,2.2857142857142856
330,Amy,6.0,10,qualified,3,2.25
331,Howard,6.0,1,bernie,15,15.0
332,Howard,6.0,2,space,31,14.343283582089553
333,Howard,6.0,3,label,8,8.0
334,Howard,6.0,4,know,53,7.653950953678474
335,Howard,6.0,5,bernadette,15,7.03125
336,Howard,6.0,6,go,36,6.967741935483871
337,Howard,6.0,7,wife,7,6.125
338,Howard,6.0,8,really,28,5.444444444444445
339,Howard,6.0,9,back,22,5.377777777777777
340,Howard,6.0,10,home,14,4.8999999999999995
341,Bernadette,6.0,1,howie,16,14.222222222222221
342,Bernadette,6.0,2,husband,6,4.5
343,Bernadette,6.0,3,married,8,3.5555555555555554
344,Bernadette,6.0,4,benadryl,3,3.0
345,Bernadette,6.0,5,smurf,3,3.0
346,Bernadette,6.0,6,plenty,3,2.25
347,Bernadette,6.0,7,howard,13,2.1948051948051948
348,Bernadette,6.0,8,maybe,13,2.1392405063291138
349,Bernadette,6.0,9,little,15,2.102803738317757
350,Bernadette,6.0,10,mister,2,2.0
351,Leonard,6.0,1,sheldon,54,13.626168224299064
352,Leonard,6.0,2,know,65,11.512261580381471
353,Leonard,6.0,3,great,28,8.43010752688172
354,Leonard,6.0,4,want,35,6.767955801104972
355,Leonard,6.0,5,penny,22,5.694117647058824
356,Leonard,6.0,6,cool,13,5.28125
357,Leonard,6.0,7,right,31,5.084656084656085
358,Leonard,6.0,8,us,19,5.084507042253521
359,Leonard,6.0,9,ho,5,5.0
360,Leonard,6.0,10,good,25,4.9603174603174605
361,Raj,6.0,1,oontz,24,24.0
362,Raj,6.0,2,lucy,11,9.307692307692308
363,Raj,6.0,3,party,17,6.282608695652174
364,Raj,6.0,4,know,47,6.019073569482289
365,Raj,6.0,5,number,9,5.3999999999999995
366,Raj,6.0,6,eat,11,5.260869565217392
367,Raj,6.0,7,date,9,5.0625
368,Raj,6.0,8,bottle,5,5.0
369,Raj,6.0,9,stuart,9,4.764705882352941
370,Raj,6.0,10,come,25,4.6992481203007515
371,Sheldon,7.0,1,knock,72,60.98823529411764
372,Sheldon,7.0,2,leonard,57,30.36448598130841
373,Sheldon,7.0,3,amy,43,25.328767123287673
374,Sheldon,7.0,4,one,73,24.333333333333332
375,Sheldon,7.0,5,say,56,21.47945205479452
376,Sheldon,7.0,6,know,87,20.51219512195122
377,Sheldon,7.0,7,bom,20,20.0
378,Sheldon,7.0,8,right,54,16.2
379,Sheldon,7.0,9,think,51,13.407216494845361
380,Sheldon,7.0,10,good,44,13.081081081081082
381,Penny,7.0,1,know,75,15.24390243902439
382,Penny,7.0,2,come,40,10.8843537414966
383,Penny,7.0,3,right,42,9.8
384,Penny,7.0,4,sweetie,9,9.0
385,Penny,7.0,5,really,34,7.758389261744966
386,Penny,7.0,6,sheldon,40,7.582938388625592
387,Penny,7.0,7,want,38,7.4051282051282055
388,Penny,7.0,8,guys,24,7.384615384615385
389,Penny,7.0,9,god,15,7.03125
390,Penny,7.0,10,break,11,6.722222222222223
391,Amy,7.0,1,sheldon,67,21.274881516587676
392,Amy,7.0,2,image,6,6.0
393,Amy,7.0,3,rajesh,7,5.444444444444445
394,Amy,7.0,4,bert,6,4.0
395,Amy,7.0,5,neil,4,3.2
396,Amy,7.0,6,monkeys,4,3.2
397,Amy,7.0,7,janko,3,3.0
398,Amy,7.0,8,ding,3,3.0
399,Amy,7.0,9,cheer,3,3.0
400,Amy,7.0,10,item,3,3.0
401,Howard,7.0,1,bernie,8,8.0
402,Howard,7.0,2,bernadette,17,7.048780487804878
403,Howard,7.0,3,mom,18,6.230769230769231
404,Howard,7.0,4,without,15,5.769230769230769
405,Howard,7.0,5,know,44,5.246612466124661
406,Howard,7.0,6,go,30,4.166666666666667
407,Howard,7.0,7,starving,4,4.0
408,Howard,7.0,8,astronaut,6,4.0
409,Howard,7.0,9,sex,10,3.225806451612903
410,Howard,7.0,10,want,25,3.205128205128205
411,Bernadette,7.0,1,howie,21,21.0
412,Bernadette,7.0,2,go,33,5.041666666666667
413,Bernadette,7.0,3,faster,4,4.0
414,Bernadette,7.0,4,raj,10,3.4482758620689657
415,Bernadette,7.0,5,stuart,8,3.0476190476190474
416,Bernadette,7.0,6,hi,9,2.8928571428571432
417,Bernadette,7.0,7,still,12,2.4827586206896552
418,Bernadette,7.0,8,aw,8,2.4615384615384617
419,Bernadette,7.0,9,company,3,2.25
420,Bernadette,7.0,10,card,5,2.0833333333333335
421,Leonard,7.0,1,know,80,17.34417344173442
422,Leonard,7.0,2,sheldon,57,15.398104265402845
423,Leonard,7.0,3,penny,33,10.471153846153845
424,Leonard,7.0,4,want,37,7.02051282051282
425,Leonard,7.0,5,go,38,6.685185185185185
426,Leonard,7.0,6,think,36,6.680412371134021
427,Leonard,7.0,7,come,31,6.537414965986395
428,Leonard,7.0,8,one,37,6.251141552511415
429,Leonard,7.0,9,really,30,6.040268456375839
430,Leonard,7.0,10,take,23,5.877777777777777
431,Raj,7.0,1,emily,19,14.44
432,Raj,7.0,2,girl,16,7.529411764705882
433,Raj,7.0,3,see,29,6.9504132231404965
434,Raj,7.0,4,murder,7,6.125
435,Raj,7.0,5,lucy,8,5.818181818181818
436,Raj,7.0,6,howard,16,5.12
437,Raj,7.0,7,cinnamon,8,4.571428571428571
438,Raj,7.0,8,know,40,4.336043360433605
439,Raj,7.0,9,night,17,4.070422535211267
440,Raj,7.0,10,dude,4,4.0
441,Sheldon,8.0,1,knock,71,61.47560975609756
442,Sheldon,8.0,2,leonard,70,43.75
443,Sheldon,8.0,3,know,98,25.010416666666664
444,Sheldon,8.0,4,one,70,24.13793103448276
445,Sheldon,8.0,5,amy,39,20.835616438356166
446,Sheldon,8.0,6,good,52,18.648275862068964
447,Sheldon,8.0,7,see,46,17.781512605042018
448,Sheldon,8.0,8,right,55,14.684466019417476
449,Sheldon,8.0,9,make,38,13.37037037037037
450,Sheldon,8.0,10,think,51,12.940298507462687
451,Penny,8.0,1,really,41,11.755244755244755
452,Penny,8.0,2,know,66,11.34375
453,Penny,8.0,3,want,44,10.297872340425531
454,Penny,8.0,4,sweetie,8,7.111111111111111
455,Penny,8.0,5,hi,12,6.857142857142857
456,Penny,8.0,6,little,25,6.720430107526881
457,Penny,8.0,7,people,23,6.69620253164557
458,Penny,8.0,8,go,32,6.206060606060606
459,Penny,8.0,9,think,35,6.09452736318408
460,Penny,8.0,10,aw,9,5.7857142857142865
461,Amy,8.0,1,sheldon,42,12.970588235294118
462,Amy,8.0,2,starfish,3,3.0
463,Amy,8.0,3,color,3,3.0
464,Amy,8.0,4,notes,3,3.0
465,Amy,8.0,5,two,15,2.7777777777777777
466,Amy,8.0,6,wool,4,2.6666666666666665
467,Amy,8.0,7,forget,5,2.5
468,Amy,8.0,8,night,10,2.3255813953488373
469,Amy,8.0,9,turtle,4,2.2857142857142856
470,Amy,8.0,10,manilow,3,2.25
471,Howard,8.0,1,mother,20,8.333333333333334
472,Howard,8.0,2,one,33,5.364532019704433
473,Howard,8.0,3,hammer,5,5.0
474,Howard,8.0,4,bernie,5,5.0
475,Howard,8.0,5,know,43,4.815104166666667
476,Howard,8.0,6,right,30,4.368932038834951
477,Howard,8.0,7,raj,13,4.121951219512195
478,Howard,8.0,8,mom,12,4.0
479,Howard,8.0,9,pitch,6,4.0
480,Howard,8.0,10,cinnamon,6,4.0
481,Bernadette,8.0,1,howie,17,16.055555555555554
482,Bernadette,8.0,2,maybe,17,3.141304347826087
483,Bernadette,8.0,3,drug,3,3.0
484,Bernadette,8.0,4,inside,4,2.6666666666666665
485,Bernadette,8.0,5,cleaning,4,2.6666666666666665
486,Bernadette,8.0,6,raj,10,2.4390243902439024
487,Bernadette,8.0,7,want,21,2.345744680851064
488,Bernadette,8.0,8,cause,10,2.127659574468085
489,Bernadette,8.0,9,pushing,2,2.0
490,Bernadette,8.0,10,mound,2,2.0
491,Leonard,8.0,1,know,69,12.3984375
492,Leonard,8.0,2,sheldon,36,9.529411764705882
493,Leonard,8.0,3,think,42,8.776119402985074
494,Leonard,8.0,4,really,34,8.083916083916083
495,Leonard,8.0,5,let,28,5.9393939393939394
496,Leonard,8.0,6,right,34,5.611650485436893
497,Leonard,8.0,7,thank,19,5.5538461538461545
498,Leonard,8.0,8,idea,15,5.48780487804878
499,Leonard,8.0,9,mean,21,5.444444444444444
500,Leonard,8.0,10,one,33,5.364532019704433
501,Raj,8.0,1,dude,12,12.0
502,Raj,8.0,2,guys,28,9.924050632911392
503,Raj,8.0,3,know,57,8.4609375
504,Raj,8.0,4,mummy,6,6.0
505,Raj,8.0,5,ooh,13,4.970588235294118
506,Raj,8.0,6,daddy,5,4.166666666666667
507,Raj,8.0,7,nathan,4,4.0
508,Raj,8.0,8,fillion,4,4.0
509,Raj,8.0,9,roger,6,3.5999999999999996
510,Raj,8.0,10,little,17,3.10752688172043
511,Sheldon,9.0,1,knock,72,68.21052631578947
512,Sheldon,9.0,2,amy,65,37.389380530973455
513,Sheldon,9.0,3,leonard,55,28.80952380952381
514,Sheldon,9.0,4,know,111,28.389400921658986
515,Sheldon,9.0,5,one,59,22.314102564102562
516,Sheldon,9.0,6,right,61,18.15121951219512
517,Sheldon,9.0,7,see,48,17.86046511627907
518,Sheldon,9.0,8,hello,24,16.941176470588236
519,Sheldon,9.0,9,line,19,15.041666666666666
520,Sheldon,9.0,10,time,42,13.066666666666666
521,Penny,9.0,1,know,82,15.493087557603685
522,Penny,9.0,2,want,40,9.815950920245399
523,Penny,9.0,3,come,31,8.898148148148149
524,Penny,9.0,4,leonard,30,8.571428571428571
525,Penny,9.0,5,sweetie,8,8.0
526,Penny,9.0,6,right,37,6.678048780487805
527,Penny,9.0,7,go,30,5.960264900662251
528,Penny,9.0,8,sheldon,30,5.521472392638037
529,Penny,9.0,9,really,29,5.425806451612903
530,Penny,9.0,10,let,27,5.360294117647059
531,Amy,9.0,1,sheldon,51,15.957055214723928
532,Amy,9.0,2,know,69,10.97004608294931
533,Amy,9.0,3,hi,15,6.617647058823529
534,Amy,9.0,4,really,24,3.7161290322580647
535,Amy,9.0,5,long,12,3.5999999999999996
536,Amy,9.0,6,rajesh,5,3.5714285714285716
537,Amy,9.0,7,feel,15,3.409090909090909
538,Amy,9.0,8,thank,16,3.324675324675325
539,Amy,9.0,9,go,22,3.205298013245033
540,Amy,9.0,10,new,11,3.1025641025641026
541,Howard,9.0,1,bernie,6,5.142857142857142
542,Howard,9.0,2,quantum,5,5.0
543,Howard,9.0,3,kid,7,4.8999999999999995
544,Howard,9.0,4,know,46,4.875576036866359
545,Howard,9.0,5,band,6,4.5
546,Howard,9.0,6,guidance,7,4.454545454545454
547,Howard,9.0,7,really,26,4.361290322580645
548,Howard,9.0,8,make,21,3.9026548672566372
549,Howard,9.0,9,bet,7,3.769230769230769
550,Howard,9.0,10,baby,12,3.5999999999999996
551,Bernadette,9.0,1,howie,15,15.0
552,Bernadette,9.0,2,raj,12,3.5999999999999996
553,Bernadette,9.0,3,little,16,3.011764705882353
554,Bernadette,9.0,4,ew,3,3.0
555,Bernadette,9.0,5,stuart,9,2.454545454545454
556,Bernadette,9.0,6,sheldon,20,2.4539877300613497
557,Bernadette,9.0,7,redecorating,2,2.0
558,Bernadette,9.0,8,harmless,2,2.0
559,Bernadette,9.0,9,forgiven,2,2.0
560,Bernadette,9.0,10,sure,13,1.8172043010752685
561,Leonard,9.0,1,penny,24,8.347826086956522
562,Leonard,9.0,2,buddy,10,8.333333333333334
563,Leonard,9.0,3,time,33,8.066666666666666
564,Leonard,9.0,4,know,56,7.225806451612903
565,Leonard,9.0,5,think,33,5.950819672131148
566,Leonard,9.0,6,lot,15,5.625
567,Leonard,9.0,7,go,29,5.56953642384106
568,Leonard,9.0,8,want,29,5.159509202453988
569,Leonard,9.0,9,liquid,6,5.142857142857142
570,Leonard,9.0,10,fun,18,4.909090909090908
571,Raj,9.0,1,claire,13,11.266666666666667
572,Raj,9.0,2,emily,17,8.757575757575758
573,Raj,9.0,3,dude,9,7.363636363636364
574,Raj,9.0,4,guys,24,7.291139240506329
575,Raj,9.0,5,thor,6,4.5
576,Raj,9.0,6,know,44,4.460829493087558
577,Raj,9.0,7,right,30,4.390243902439024
578,Raj,9.0,8,telescope,5,4.166666666666667
579,Raj,9.0,9,dishes,4,4.0
580,Raj,9.0,10,maybe,17,3.6582278481012658
581,Sheldon,10.0,1,amy,54,35.5609756097561
582,Sheldon,10.0,2,know,111,33.3
583,Sheldon,10.0,3,knock,34,30.42105263157895
584,Sheldon,10.0,4,leonard,52,24.581818181818182
585,Sheldon,10.0,5,one,51,16.88961038961039
586,Sheldon,10.0,6,people,35,15.3125
587,Sheldon,10.0,7,need,37,13.03809523809524
588,Sheldon,10.0,8,yes,31,12.480519480519481
589,Sheldon,10.0,9,right,48,12.19047619047619
590,Sheldon,10.0,10,way,27,12.15
591,Penny,10.0,1,leonard,33,9.9
592,Penny,10.0,2,right,41,8.894179894179894
593,Penny,10.0,3,know,56,8.475675675675676
594,Penny,10.0,4,go,37,7.913294797687861
595,Penny,10.0,5,believe,16,6.564102564102564
596,Penny,10.0,6,want,33,5.792553191489362
597,Penny,10.0,7,really,27,5.651162790697675
598,Penny,10.0,8,sweetie,6,4.5
599,Penny,10.0,9,mm,9,4.263157894736842
600,Penny,10.0,10,hi,12,4.114285714285714
601,Amy,10.0,1,sheldon,69,26.450000000000003
602,Amy,10.0,2,know,57,8.781081081081082
603,Amy,10.0,3,blah,5,5.0
604,Amy,10.0,4,really,25,4.844961240310078
605,Amy,10.0,5,sorry,19,4.5125
606,Amy,10.0,6,mean,18,4.32
607,Amy,10.0,7,ground,6,4.0
608,Amy,10.0,8,kitty,4,4.0
609,Amy,10.0,9,k√§tzchen,4,4.0
610,Amy,10.0,10,give,12,3.891891891891892
611,Howard,10.0,1,dibba,6,6.0
612,Howard,10.0,2,maybe,22,5.761904761904762
613,Howard,10.0,3,bernie,6,5.142857142857142
614,Howard,10.0,4,know,43,4.9972972972972975
615,Howard,10.0,5,us,22,4.938775510204081
616,Howard,10.0,6,great,18,4.628571428571428
617,Howard,10.0,7,right,28,4.148148148148148
618,Howard,10.0,8,baby,16,3.8208955223880596
619,Howard,10.0,9,wants,8,3.3684210526315788
620,Howard,10.0,10,go,24,3.329479768786127
621,Bernadette,10.0,1,howie,10,9.09090909090909
622,Bernadette,10.0,2,baby,16,3.8208955223880596
623,Bernadette,10.0,3,pregnant,7,3.769230769230769
624,Bernadette,10.0,4,go,25,3.6127167630057806
625,Bernadette,10.0,5,shh,5,3.5714285714285716
626,Bernadette,10.0,6,back,17,3.2471910112359548
627,Bernadette,10.0,7,mommy,4,3.2
628,Bernadette,10.0,8,boss,3,3.0
629,Bernadette,10.0,9,lasagna,3,3.0
630,Bernadette,10.0,10,house,7,2.8823529411764706
631,Leonard,10.0,1,sheldon,42,9.8
632,Leonard,10.0,2,want,35,6.51595744680851
633,Leonard,10.0,3,buddy,6,6.0
634,Leonard,10.0,4,think,30,5.625
635,Leonard,10.0,5,good,28,5.52112676056338
636,Leonard,10.0,6,know,43,4.9972972972972975
637,Leonard,10.0,7,us,22,4.938775510204081
638,Leonard,10.0,8,stay,13,4.694444444444445
639,Leonard,10.0,9,thing,14,4.260869565217392
640,Leonard,10.0,10,penny,17,4.013888888888888
641,Raj,10.0,1,howard,20,6.0606060606060606
642,Raj,10.0,2,broke,6,4.5
643,Raj,10.0,3,think,26,4.2250000000000005
644,Raj,10.0,4,wobble,4,4.0
645,Raj,10.0,5,spoiled,5,3.5714285714285716
646,Raj,10.0,6,know,36,3.502702702702703
647,Raj,10.0,7,thank,17,3.4000000000000004
648,Raj,10.0,8,pretty,10,3.333333333333333
649,Raj,10.0,9,want,25,3.324468085106383
650,Raj,10.0,10,guys,13,3.25
